Milestonejczyce Strategic Plan - KPI Tracking Dashboard,Week 1 Status,Week 2 Status,Week 3 Status,Week 4 Status,Month 2 Status,Month 3 Status,Q2 2026 Target,Year-End 2026 Target,Owner,Last Updated,Notes
FINANCIAL HEALTH KPIs,,,,,,,,,,,
Deficit (PLN),867700,,,,,,<400000,<200000,Treasury Director,2026-05-10,Baseline from budget review
Grant Acquisition (PLN),0,,,,,,1000000,2000000,Investment Dept,2026-05-10,RFRD + FE applications pending
Debt Service Coverage Ratio,1.2,,,,,,>1.5,>1.8,Treasury Director,2026-05-10,Calculate quarterly
Own Revenue Growth (%),0%,,,,,,+3%,+5%,Treasury Director,2026-05-10,YoY comparison
Tax Collection Rate (%),88%,,,,,,>92%,>95%,Treasury Director,2026-05-10,Monthly tracking
INFRASTRUCTURE KPIs,,,,,,,,,,,
Sewerage Households Connected,0,,,,,,270,500,Investment Dept,2026-05-10,Phase 1 target
Land Consolidation Accounting,IN PROGRESS,,,,,,COMPLETE,ACCEPTED BY RIO,Chief Accountant,2026-05-10,Deadline May 17
OSP Milejczyce Renovation (%),60%,,,,,,100%,MAINTAINED,Facility Manager,2026-05-10,August 2026 deadline
UG Accessibility - Elevator,NOT STARTED,,,,,,INSTALLED,OPERATIONAL,Facility Manager,2026-05-10,Q1 2027 target
UG Accessibility - Disabled Toilet,NOT STARTED,,,,,,INSTALLED,OPERATIONAL,Facility Manager,2026-05-10,Q1 2027 target
Road Improvements (km),0,,,,,,5,15,Investment Dept,2026-05-10,RFRD funded projects
SERVICE DELIVERY KPIs,,,,,,,,,,,
Bus Ridership (monthly tickets),402,,,,,,500,600,Transport Coordinator,2026-05-10,February baseline
Trusted Profile Adoption (%),15%,,,,,,80%,90%,IT Department,2026-05-10,Farming households target
Digital Service Usage (%),25%,,,,,,45%,60%,IT Department,2026-05-10,Online interactions
Citizen Satisfaction (%),65%,,,,,,>70%,>75%,Communications,2026-05-10,Annual survey baseline
Complaint Resolution Time (days),21,,,,,,<14,<10,Administrative Office,2026-05-10,Average calendar days
SOCIAL COHESION KPIs,,,,,,,,,,,
Village Fund Participation (%),0%,,,,,,>60%,>80%,Communications,2026-05-10,% of sołectwa active
Town Hall Attendance (avg),0,,,,,,>50,>75,Communications,2026-05-10,Per session target
Volunteer Participation,0,,,,,,>100,>200,Communications,2026-05-10,Residents in projects/year
Cross-Group Interaction Index,N/A,,,,,,Baseline established,Improved,Social Services,2026-05-10,Survey-based metric
Depopulation Rate (%),-2.5%,,,,,,Stabilized,+0.5%,Economic Dev,2026-05-10,Annual population change
ECONOMIC DEVELOPMENT KPIs,,,,,,,,,,,
Tourism Revenue (PLN),200000,,,,,,300000,500000,Economic Dev,2026-05-10,Annual estimate
Pilgrimage Visitors,60000,,,,,,65000,80000,Tourism Coordinator,2026-05-10,Annual count
New Tourism Businesses,2,,,,,,5,10,Economic Dev,2026-05-10,Hospitality sector
Agricultural Profitability Increase,0%,,,,,,+8%,+15%,Agricultural Advisor,2026-05-10,Avg per farm
Youth Retention Rate,75%,,,,,,+10%,+20%,Economic Dev,2026-05-10,18-30 age group
PROJECT MILESTONES,,,,,,,,,,,
Phase 1 Completion,IN PROGRESS,,,,,,COMPLETE,,Wójt,2026-05-10,June 30 deadline
Phase 2 Start,NOT STARTED,,,,,,INITIATED,,Wójt,2026-05-10,July 1 target
Steering Committee Meetings Held,0,,,,,,4,12,Wójt,2026-05-10,Monthly frequency
Working Group Reports Submitted,0,,,,,,8,24,Dept Heads,2026-05-10,Bi-weekly requirement
P-OS Forensic Baselines Captured,0,,,,,,4,12,P-OS Admin,2026-05-10,Quarterly snapshots
W11 Flags Activated,0,,,,,,ALL ACTIVE,,P-OS Admin,2026-05-10,Critical processes
GRANT APPLICATIONS,,,,,,,,,,,
RFRD 2026 Application,PREPARING,,,,,,SUBMITTED,AWARDED,Investment Dept,2026-05-10,Q3 deadline
FE dla Podlaskiego 4.6,RESEARCHING,,,,,,SUBMITTED,AWARDED,Investment Dept,2026-05-10,Next round Q4
Ministry Water Program,NOT STARTED,,,,,,PREPARING,SUBMITTED,Investment Dept,2026-05-10,2027 application
PFRON Accessibility Grant,NOT STARTED,,,,,,SUBMITTED,AWARDED,Facility Manager,2026-05-10,Q3 2026 target
EU Structural Funds,NOT STARTED,,,,,,PREPARING,SUBMITTED,Investment Dept,2026-05-10,Longer timeline
CITIZEN ENGAGEMENT,,,,,,,,,,,
Workshops Conducted,0,,,,,,6,24,Communications,2026-05-10,Trusted Profile sessions
Workshop Participants,0,,,,,,200,800,IT Department,2026-05-10,Cumulative total
Feedback Forms Completed,0,,,,,,150,600,HR,2026-05-10,Operator fatigue monitoring
Newsletter Subscribers,0,,,,,,500,1000,Communications,2026-05-10,Email list growth
Social Media Followers,0,,,,,,1000,2000,Communications,2026-05-10,Facebook page
TRANSPARENCY METRICS,,,,,,,,,,,
Budget Dashboard Updates,0,,,,,,3,12,Treasury,2026-05-10,Monthly updates
Performance Reports Published,0,,,,,,2,4,Communications,2026-05-10,Quarterly reports
Council Resolutions Passed,0,,,,,,8,20,Legal Advisor,2026-05-10,Track all votes
Public Information Requests,0,,,,,,Tracked,Tracked,Administrative Office,2026-05-10,FOIA-style requests
Data Downloads (CSV),0,,,,,,50,200,IT Department,2026-05-10,Budget data access
RISK INDICATORS,,,,,,,,,,,
Liquidity Crisis Risk,HIGH,,,,,,LOW,LOW,Treasury Director,2026-05-10,Monitor cash flow
Grant Rejection Risk,MEDIUM,,,,,,LOW,LOW,Investment Dept,2026-05-10,Diversify applications
Political Opposition Risk,MEDIUM,,,,,,LOW,LOW,Wójt,2026-05-10,Council support tracking
Contractor Delay Risk,LOW,,,,,,MONITORED,MONITORED,Facility Manager,2026-05-10,Site inspections
Citizen Resistance Risk,LOW,,,,,,MONITORED,MONITORED,Communications,2026-05-10,Sentiment analysis
Regulatory Compliance Risk,HIGH,,,,,,LOW,LOW,Legal Advisor,2026-05-10,RIO + other audits
Team Burnout Risk,MEDIUM,,,,,,LOW,LOW,HR,2026-05-10,Operator feedback forms
Depopulation Acceleration,MEDIUM,,,,,,STABILIZED,REVERSED,Economic Dev,2026-05-10,Population trends
